{
  "project_info": {
    "project_number": "610396315391",
    "firebase_url": "https://cherie-323217-default-rtdb.firebaseio.com",
    "project_id": "cherie-323217",
    "storage_bucket": "cherie-323217.appspot.com"
  },
  "client": [
    {
      "client_info": {
        "mobilesdk_app_id": "1:610396315391:android:468986fb4c52edf84c76ca",
        "android_client_info": {
          "package_name": "org.technoserve.cherie"
        }
      },
      "oauth_client": [
        {
          "client_id": "610396315391-tc77tn73q2h0b4q5l6t0801eqgdcmur6.apps.googleusercontent.com",
          "client_type": 1,
          "android_info": {
            "package_name": "org.technoserve.cherie",
            "certificate_hash": "ba1dfc3f6e7dc632eedc7496f4918434a5300655"
          }
        },
        {
          "client_id": "610396315391-ejqacnd3au35c5visrc1bhhsrkk69e3k.apps.googleusercontent.com",
          "client_type": 3
        }
      ],
      "api_key": [
        {
          "current_key": "AIzaSyC231eNmhs1jM_cwaxBCo7MXxB9wARjShU"
        }
      ],
      "services": {
        "appinvite_service": {
          "other_platform_oauth_client": [
            {
              "client_id": "610396315391-ejqacnd3au35c5visrc1bhhsrkk69e3k.apps.googleusercontent.com",
              "client_type": 3
            }
          ]
        }
      }
    },
    {
      "client_info": {
        "mobilesdk_app_id": "1:610396315391:android:64a9388bd0761d0f4c76ca",
        "android_client_info": {
          "package_name": "org.technoserve.ethiopia"
        }
      },
      "oauth_client": [
        {
          "client_id": "610396315391-ejqacnd3au35c5visrc1bhhsrkk69e3k.apps.googleusercontent.com",
          "client_type": 3
        }
      ],
      "api_key": [
        {
          "current_key": "AIzaSyC231eNmhs1jM_cwaxBCo7MXxB9wARjShU"
        }
      ],
      "services": {
        "appinvite_service": {
          "other_platform_oauth_client": [
            {
              "client_id": "610396315391-ejqacnd3au35c5visrc1bhhsrkk69e3k.apps.googleusercontent.com",
              "client_type": 3
            }
          ]
        }
      }
    },
    {
      "client_info": {
        "mobilesdk_app_id": "1:610396315391:android:d64d54e5d57746e84c76ca",
        "android_client_info": {
          "package_name": "org.technoserve.guatemala"
        }
      },
      "oauth_client": [
        {
          "client_id": "610396315391-ejqacnd3au35c5visrc1bhhsrkk69e3k.apps.googleusercontent.com",
          "client_type": 3
        }
      ],
      "api_key": [
        {
          "current_key": "AIzaSyC231eNmhs1jM_cwaxBCo7MXxB9wARjShU"
        }
      ],
      "services": {
        "appinvite_service": {
          "other_platform_oauth_client": [
            {
              "client_id": "610396315391-ejqacnd3au35c5visrc1bhhsrkk69e3k.apps.googleusercontent.com",
              "client_type": 3
            }
          ]
        }
      }
    },
    {
      "client_info": {
        "mobilesdk_app_id": "1:610396315391:android:20927b37ac1c81cd4c76ca",
        "android_client_info": {
          "package_name": "org.technoserve.honduras"
        }
      },
      "oauth_client": [
        {
          "client_id": "610396315391-ejqacnd3au35c5visrc1bhhsrkk69e3k.apps.googleusercontent.com",
          "client_type": 3
        }
      ],
      "api_key": [
        {
          "current_key": "AIzaSyC231eNmhs1jM_cwaxBCo7MXxB9wARjShU"
        }
      ],
      "services": {
        "appinvite_service": {
          "other_platform_oauth_client": [
            {
              "client_id": "610396315391-ejqacnd3au35c5visrc1bhhsrkk69e3k.apps.googleusercontent.com",
              "client_type": 3
            }
          ]
        }
      }
    }
  ],
  "configuration_version": "1"
}